02/11/2022;Capitulo 1064;El capítulo empieza muy emocionante con la pelea de Law contra Kurohige, los dibujos son alucinantes y las expresiones de los personajes aún más, además, sale un personaje que nadie se esperaba, Pudding, la hija de la Exyonkô, Big Mom. Mientras tento en Egg Head se ven a Luffy, Jimbei, Chopper y  Bonney con 70 años, gracias a la fruta del diablo de Bonney, todo este por culpa de un clon de Kuma que les habia atacado. El final de este capítulo es alucinante, ya que termina con el Dr. Vegapunk hablando con Dragon, el padre de Luffy, el cual nunca se han visto.
01/11/2022;Capitulo 1063;Vemos a Luffy en una especie de centro comercial donde estos consiguen comida y ropa, pero cuando nos damos cuenta vemos que un policía cyborg viene corriendo hacia ellos debido a que no han pagado las cosas que han conseguido, estos empiezan una pelea pero Bonny los detiene ya que ve que el cyborg es su padre y este es su unica familia una escena dura ya que este no la reconoce.
31/10/2022;Capitulo 1062;Este capítulo empieza con la tripulación alucinanco y conociendo a Vegapunk-02, un personaje que se ha hablado mucho de él pero no se sabia nada de su historia, ni su vida. Más a delante se ve a Luffy, Jimbei, Chopper y Bonney buscando un refugio para secarse la ropa, además, Bonney les cuenta que Kuma, el Exshichibukai es su padre. Lo mejor de este capítulo es el final, cuando se ven a Kanu, Lucci y Stussy, unos trabajadores del Gobierno Mundial, los agentes del Ciper Pol 0 yendo hacia Egg Head junto a Kuma o un clon.
30/10/2022;Capitulo 1061;Este capitulo empiza con el increible ataque de un gran tiburon a la embarcación de Luffy y sus compañeros, EL DIBUJADO DEL ATAQUE ES INCREIBLE con un panel dedicado a esto solo, se ve el ataque desde un angulo zenital con gran detalle, al final del capitulo observamos como un robot gigante sostiene el barco y del robot surge un personaje nuevo Dr. Vegapunk
29/10/2022;Capitulo 1060;El capítulo comienza con una reflexión sobre el sueño de Luffy y la relación de los compañeros, hasta que en mitad del viaje una energía genera un eddy current que se lleva a Chopper volando por culpa del sombrero que llevaba, además, ven a una persona dentro de este y Zoro lo atraviesa al pensar que es una amenazal, esa persona era Bonney una pirata de ala Peor Generación. Entremedio del capítulo, se ve a Sabo, el hermano de Luffy hablando con los Revolucionarios, se ve que esta en Lulusia, una isla del Nuevo Mundo.
28/10/2022;Capitulo 1059;Este capítulo a sido apasionante, el momento en el que sale Kurohige a sido lo mejor, sobre todo cuando sale agarrando a Boa Hancock del cuello intentando quitarle sus poderes de la fruta del diablo, como ya paso con Shirohige. Además, otro momento que me a gustado mucho es cuando Koby intenta salvar a Boa, la evolución de personaje que ha tenido Koby es espectacular, y por último, el final de este capitulo es alucinante, que Kurohige haya secuestrado a Koby y no se sepa nada de él... deja con mucha intriga por lo que pasará en el proximo capítulo.